normal,celine
"Machine learning is transforming the tech industry.","Ça bouge là… le machine learning… tout fout le camp… la tech qui crie…"
"Deep learning allows computers to recognize images.","Les machines… elles voient… elles comprennent… images partout… t'y crois pas…"
"Neural networks mimic the brain's structure.","Les réseaux neurones… comme le cerveau… ça gigote… et toi t'attends quoi…"
"AI models improve with more data.","Les modèles… plus t'as de données… mieux ça tourne… ou pas…"
"Supervised learning uses labeled datasets.","Supervisé… c'est toi qui dis quoi… les données… qui doivent parler…"
"Reinforcement learning rewards good behavior.","Apprentissage par renforcement… tu fais bien… on te tape dans le dos… ou pas…"
"Training a model requires lots of computation.","Faut calculer… calculer… le modèle… il chauffe… ça fuse…"
"Overfitting happens when a model learns noise.","Surapprentissage… le modèle écoute trop… le bruit… il croit que c'est vrai…"
"Hyperparameters need careful tuning.","Hyperparamètres… faut les tripoter… doucement… ou tout foirer…"
"Data preprocessing is essential for quality results.","Préparer les données… sinon rien… résultat pourri…"
"L'apprentissage automatique transforme l'industrie technologique.","Ça bouge là… l'apprentissage automatique… la tech qui s'agite…"
"L'apprentissage profond permet aux ordinateurs de reconnaître des images.","Les machines… elles voient… elles pigent… images partout…"
"Les réseaux de neurones imitent la structure du cerveau.","Réseaux de neurones… comme le cerveau… ça bouge… et toi t'attends quoi…"
"Les modèles d'IA s'améliorent avec plus de données.","Les modèles… plus t'as de données… mieux ça marche… ou pas…"
"L'apprentissage supervisé utilise des ensembles de données étiquetées.","Supervisé… c'est toi qui dis quoi… les données… faut qu'elles parlent…"
"L'apprentissage par renforcement récompense les bons comportements.","Renforcement… tu fais bien… on te tape dans le dos… ou pas…"
"L'entraînement d'un modèle nécessite beaucoup de calculs.","Faut calculer… calculer… le modèle… ça chauffe…"
"Le surapprentissage se produit quand un modèle apprend le bruit.","Surapprentissage… le modèle écoute trop… le bruit… il croit que c'est vrai…"
"Les hyperparamètres nécessitent un réglage minutieux.","Hyperparamètres… faut tripoter… doucement… ou tout foirer…"
"La prétraitement des données est essentiel pour obtenir des résultats de qualité.","Préparer les données… sinon rien… résultat pourri…"
"L'automatisation de la gestion des ressources : Cette idée propose de développer une application qui permet de gérer les ressources en utilisant des algorithmes de machine learning. Les utilisateurs peuvent ajouter ou supprimer des ressources, et les algorithmes de machine learning peuvent les optimiser pour maximiser la performance de la machine.","Ça commence comme ça… automatiser la gestion des ressources… une application… tu vois… qui gère tout… avec des algos… machine learning… qui décident… tu peux ajouter… enlever des ressources… et les algos… ils optimisent… pour que la machine tourne… au max… tout ça… tout le temps… ça bouge… ça chauffe…"
